序号,代码,名称,最新价,今日主力净占比 %,今日排名,今日涨跌 %,5日主力净占比 %,5日排名,5日涨跌 %,10日主力净占比 %,10日排名,10日涨跌 %,所属板块,板块代码
1,605258,协和电子,42.08,75.4,1,10.01,85.84,1,58.43,85.84,1,58.43,电子元件,BK0459
2,605266,健之佳,139.71,69.64,2,10,81.98,2,91.67,81.98,2,91.67,医疗行业,BK0727
3,3004,声迅股份,51.68,63.51,3,10,61.27,3,61.05,68.01,3,155.08,安防设备,BK0735
4,600360,华微电子,9.2,53.26,4,10.05,23.07,7,17.5,17.43,8,18.56,电子元件,BK0459
5,603009,北特科技,7.02,49.6,5,10.03,11.14,33,7.18,4.82,102,9.18,汽车行业,BK0481
6,150,宜华健康,3.14,41.1,6,10.18,15.11,15,13.77,5.46,76,9.79,医疗行业,BK0727
7,600081,东风科技,14.11,41.03,7,9.98,7.22,107,10.75,2.25,311,13.61,汽车行业,BK0481
8,633,合金投资,4.68,38.39,8,10.12,7.56,97,10.9,1.57,418,2.18,有色金属,BK0478
9,600543,莫高股份,9.64,35.66,9,10.05,4.42,271,16.99,0.01,813,4.56,酿酒行业,BK0477
10,2427,ST尤夫,5.26,31.57,10,4.99,-0.63,1493,-0.38,-0.02,880,1.35,化纤行业,BK0471
11,200026,飞亚达Ｂ,6.67,31.45,11,0.15,11.48,30,0.91,-3.74,2535,1.52,珠宝首饰,BK0734
12,601686,N友发,18.52,31.13,12,44.01,31.13,4,44.01,31.13,4,44.01,金属制品,BK0739
13,600255,*ST梦舟,1.87,30.82,13,5.06,1.59,750,5.65,-8.51,3915,0,有色金属,BK0478
14,3021,N兆威,108.17,30.8,14,44,30.8,5,44,30.8,6,44,机械行业,BK0545
15,835,*ST长动,1.69,29.8,15,4.97,-3.9,2724,11.18,-5.19,3127,9.74,文化传媒,BK0486
16,2321,华英农业,4.49,28.88,16,10.05,15.43,14,22.01,10.35,20,22.01,农牧饲渔,BK0433
17,300669,沪宁股份,36.77,27.65,17,0.25,16.48,10,-1.66,16.01,10,-0.73,机械行业,BK0545
18,2636,金安国纪,10.07,26.99,18,10.05,27.37,6,27.47,19.15,7,24.32,电子元件,BK0459
19,900934,锦江Ｂ股,1.906,26.75,19,0.21,4.01,317,2.42,-8.05,3854,-2.71,旅游酒店,BK0485
20,803,*ST北能,14.14,26.39,20,1.65,4.17,297,-0.56,2.46,290,1.14,综合行业,BK0539
21,600800,天津磁卡,5.38,26.21,21,10.02,14.64,16,11.62,8.26,30,9.35,化工行业,BK0538
22,2716,*ST金贵,2.64,25.52,22,5.18,5.17,203,17.86,-3.06,2190,11.39,贵金属,BK0732
23,600331,宏达股份,2.86,24.9,23,10,6.32,142,14.86,-0.04,885,4.76,有色金属,BK0478
24,603876,鼎胜新材,14.54,24.76,24,9.98,5.74,166,6.29,1.46,437,1.75,有色金属,BK0478
25,600317,营口港,2.74,24.69,25,1.48,10.79,39,7.03,6.14,63,4.58,港口水运,BK0450
26,2122,*ST天马,2.28,24.49,26,5.07,3.24,422,9.09,-3.71,2513,7.04,机械行业,BK0545
27,600316,洪都航空,38.37,23.3,27,10.01,3.79,345,6.2,1.71,387,6.52,航天航空,BK0480
28,603555,*ST贵人,2.49,23.24,28,5.06,6.03,156,11.66,3.19,212,14.22,纺织服装,BK0436
29,600237,铜峰电子,5.05,23.23,29,10.02,6.99,117,7.22,5.34,83,14.51,电子元件,BK0459
30,551,创元科技,9.4,23.05,30,3.75,7.81,87,4.91,2.22,314,3.3,专用设备,BK0910
31,2502,*ST鼎龙,2.95,22.35,31,1.03,-15.29,4160,-0.67,-14.75,4193,-1.67,综合行业,BK0539
32,600278,东方创业,9.78,22.17,32,0.41,-4.64,2963,-2.3,-1.9,1631,-1.91,国际贸易,BK0484
33,600076,康欣新材,3.92,21.92,33,10.11,8.86,62,5.66,0.97,537,4.53,木业家具,BK0476
34,603076,乐惠国际,44.02,21.69,34,10,3.23,429,1.2,-0.32,979,5.39,专用设备,BK0910
35,603696,安记食品,12.69,21.44,35,6.91,2.34,583,4.88,1,533,-0.31,食品饮料,BK0438
36,600025,华能水电,4.55,21.42,36,0.66,10.94,38,1.79,6.98,44,5.32,电力行业,BK0428
37,837,*ST秦机,7.18,20.88,37,4.97,1.79,708,10.12,4.79,105,16.94,机械行业,BK0545
38,300319,麦捷科技,10.51,20.72,38,3.75,8.72,67,7.35,6.99,43,13.01,电子元件,BK0459
39,2628,成都路桥,4.04,20.43,39,-0.25,-3.96,2746,-0.98,-0.28,965,0.75,工程建设,BK0425
40,600103,青山纸业,2.1,20.42,40,2.44,7.48,101,6.06,1.07,517,3.45,造纸印刷,BK0470
41,603697,有友食品,21.1,20.32,41,10.01,7.77,89,12,0.35,712,4.98,食品饮料,BK0438
42,600460,士兰微,20.41,20.09,42,10.03,15.78,11,26.3,13.89,12,29.59,电子元件,BK0459
43,600496,精工钢构,5.45,19.77,43,3.02,6.95,119,3.22,-2.73,2012,0.37,水泥建材,BK0424
44,2123,梦网集团,18.91,19.69,44,8.93,4.89,227,5.94,0.31,723,3.9,通讯行业,BK0448
45,910,大亚圣象,17.42,19.52,45,2.65,11.8,27,8.06,6.28,60,7.46,木业家具,BK0476
46,600863,内蒙华电,2.6,19.43,46,-0.38,-5.96,3362,-1.52,-4.97,3037,-1.89,电力行业,BK0428
47,603377,东方时尚,19.87,19.25,47,-1.29,7.59,94,-3.5,5.37,81,-0.95,交运物流,BK0422
48,600978,*ST宜生,1.1,19.14,48,2.8,0.13,1160,2.8,-2.6,1939,-0.9,木业家具,BK0476
49,703,恒逸石化,13.02,19.03,49,2.28,-0.13,1319,0.85,-3.6,2462,-4.69,化工行业,BK0538
50,2172,澳洋健康,3.37,18.99,50,10.13,5.61,174,13.47,-0.75,1139,6.98,化纤行业,BK0471
51,2337,赛象科技,3.5,18.9,51,1.45,3.67,363,2.64,4.34,130,2.64,机械行业,BK0545
52,2499,*ST科林,4.49,18.6,52,4.91,4.48,266,2.05,2.43,295,5.15,输配电气,BK0457
53,300692,中环环保,14.82,18.55,53,4,5.41,188,6.08,-0.81,1170,0.27,环保工程,BK0728
54,2538,司尔特,6.43,18.54,54,5.24,11.57,29,7.89,4.65,110,4.72,化肥行业,BK0731
55,603825,华扬联众,25.74,18.36,55,-0.77,8.86,63,-3.16,11.49,17,-5.68,文化传媒,BK0486
56,2631,德尔未来,7.22,17.58,56,2.41,0.93,932,1.26,2.46,288,2.7,木业家具,BK0476
57,2206,海 利 得,4.22,17.57,57,0.24,4.79,235,2.18,-4.55,2877,-6.01,化纤行业,BK0471
58,300632,光莆股份,22.12,17.54,58,1.56,13.31,20,4.14,10.3,21,3.56,电子元件,BK0459
59,600233,圆通速递,13.49,17.52,59,1.58,6.01,157,4.65,2.96,234,3.69,交运物流,BK0422
60,2476,宝莫股份,5.27,17.45,60,0.76,-11.56,4052,-0.75,-4.49,2857,1.74,化工行业,BK0538
61,2278,神开股份,6.03,17.35,61,0.84,-3.66,2648,-2.43,-11.35,4107,-12.23,机械行业,BK0545
62,2352,顺丰控股,83.06,17.3,62,2.68,6.74,125,6.56,0.35,711,4.79,交运物流,BK0422
63,600753,东方银星,17,17.19,63,5.72,6.24,146,11.62,3.48,180,12.14,国际贸易,BK0484
64,2891,中宠股份,54.28,17.13,64,3.79,2.15,625,4.46,-1.81,1588,-1.26,食品饮料,BK0438
65,600203,福日电子,10.55,16.81,65,10.01,8.9,59,14.55,2.76,262,4.98,通讯行业,BK0448
66,2210,*ST飞马,2.22,16.8,66,2.78,2.77,498,8.82,-1.11,1282,7.25,综合行业,BK0539
67,2828,贝肯能源,9.67,16.79,67,3.53,5.18,202,4.65,1.68,394,6.73,石油行业,BK0464
68,2512,达华智能,5.39,16.54,68,0.56,9.03,56,4.05,-2.68,1976,1.7,电子元件,BK0459
69,2402,和而泰,17.82,16.24,69,2,4.11,307,4.33,1.7,388,7.16,电子元件,BK0459
70,2752,昇兴股份,5.96,16.22,70,3.29,-2.01,2034,-1.16,-5.33,3167,-8.31,金属制品,BK0739
71,600835,上海机电,20.25,16.15,71,2.22,1.72,728,1.61,-3.26,2312,-4.66,机械行业,BK0545
72,688519,南亚新材,37.45,16.1,72,5.67,10.96,37,13.73,3.2,209,4.61,电子元件,BK0459
73,300604,长川科技,25,15.9,73,5.98,6.21,150,7.71,1.53,426,4.69,专用设备,BK0910
74,2366,台海核电,4.34,15.78,74,0.7,-4.69,2975,-8.44,0.09,783,-2.47,机械行业,BK0545
75,2610,爱康科技,2.32,15.6,75,6.91,10.46,41,12.62,-1.77,1558,9.43,金属制品,BK0739
76,601866,中远海发,3.04,15.36,76,3.75,-0.3,1384,-0.65,-3.81,2562,-3.49,港口水运,BK0450
77,2756,永兴材料,29.93,15.33,77,10,-5.22,3147,3.96,-1.21,1323,25.81,钢铁行业,BK0479
78,603666,亿嘉和,86.3,15.32,78,6.33,4.24,289,5.93,0.76,583,6.66,专用设备,BK0910
79,600113,浙江东日,6.93,15.31,79,0.58,6,158,6.13,3.58,172,5.48,综合行业,BK0539
80,601116,三江购物,13.01,15.28,80,3.5,5.96,162,5,4.36,128,4.33,商业百货,BK0482
81,605288,凯迪股份,129.58,15.12,81,6.3,7.75,91,7.45,1.12,508,2.03,输配电气,BK0457
82,601566,九牧王,12.18,15.07,82,-0.81,-1.09,1683,-8.14,1.03,524,-1.3,纺织服装,BK0436
83,2112,三变科技,9.11,14.96,83,0.22,13.78,18,7.94,6.03,65,2.71,输配电气,BK0457
84,300423,昇辉科技,14.54,14.82,84,3.49,-3.32,2526,2.76,-2.41,1842,3.27,输配电气,BK0457
85,600828,茂业商业,3.99,14.7,85,-0.25,4,318,1.53,1.43,441,2.05,商业百货,BK0482
86,2266,浙富控股,4.56,14.68,86,0.44,3.96,321,0.22,-1.7,1533,-0.65,机械行业,BK0545
87,2801,微光股份,35.29,14.68,87,0,18.24,9,3.25,9.35,27,1.76,机械行业,BK0545
88,600862,中航高科,25.5,14.65,88,4.51,9.85,45,7.73,7.4,38,4.98,航天航空,BK0480
89,900933,华新Ｂ股,2.239,14.57,89,0.45,-5.29,3174,0.4,-4.22,2741,-1.88,水泥建材,BK0424
90,2790,瑞尔特,6.41,14.56,90,1.91,4.15,299,4.23,1.89,363,2.4,塑胶制品,BK0454
91,603588,高能环境,15.3,14.55,91,2.96,3.32,411,4.79,0.87,562,6.84,环保工程,BK0728
92,600377,宁沪高速,9.6,14.53,92,-1.23,2.62,532,-0.93,1.72,386,-0.72,高速公路,BK0421
93,2170,芭田股份,4.2,14.46,93,1.94,0.68,994,2.44,0.03,809,0.24,化肥行业,BK0731
94,2324,普利特,15.9,14.31,94,3.31,14.19,17,8.53,6.19,61,4.81,塑胶制品,BK0454
95,2514,宝馨科技,4.05,14.28,95,1.5,-9.03,3849,-6.03,-4.21,2731,2.27,金属制品,BK0739
96,799,酒鬼酒,115.1,14.27,96,7.97,2.19,613,5.68,-5.15,3111,0.68,酿酒行业,BK0477
97,2808,恒久科技,8.11,14.22,97,1.5,-11.07,4019,-1.46,-13.32,4167,-24.42,电子元件,BK0459
98,600220,江苏阳光,2.91,14.19,98,1.75,8.85,64,8.18,5.15,92,14.57,纺织服装,BK0436
99,600400,红豆股份,3.26,14.15,99,0,-2.65,2264,0.62,-4.02,2650,-0.31,纺织服装,BK0436
100,300211,亿通科技,7.71,14.14,100,0.65,4.98,221,3.49,-1.48,1442,-2.65,通讯行业,BK0448
101,2461,珠江啤酒,10.09,14.1,101,3.38,-2.19,2101,0.1,-4.5,2859,-6.05,酿酒行业,BK0477
102,603899,晨光文具,80.34,14.08,102,4.27,4.3,281,5.71,-0.02,879,2.4,文教休闲,BK0740
103,2259,*ST升达,3.29,14.03,103,1.86,-20.29,4208,-4.36,-10.84,4086,-2.08,公用事业,BK0427
104,571,*ST大洲,2.99,14.01,104,3.1,9.36,50,3.46,2.68,270,-0.33,煤炭采选,BK0437
105,600382,广东明珠,5.54,14,105,2.21,4.77,241,4.53,0.59,621,3.36,国际贸易,BK0484
106,601908,京运通,6.68,13.96,106,5.03,-0.46,1438,3.41,-2.81,2054,8.09,电力行业,BK0428
107,600892,*ST大晟,3.19,13.91,107,1.92,5.51,180,2.24,-0.51,1039,1.27,文化传媒,BK0486
108,2121,*ST科陆,3.6,13.83,108,1.12,-8.21,3755,-1.64,-8.43,3901,-2.17,仪器仪表,BK0458
109,2675,东诚药业,25.9,13.81,109,9.56,9.1,54,14.75,7.17,40,14.91,医药制造,BK0465
110,603789,星光农机,13.25,13.73,110,-0.23,11.58,28,-0.23,6.86,47,-1.41,机械行业,BK0545
111,600639,浦东金桥,12.8,13.69,111,0.16,2.05,650,0.71,-2.94,2124,1.59,房地产,BK0451
112,2453,华软科技,5.77,13.68,112,9.9,6.38,138,11.82,3.52,175,9.7,软件服务,BK0737
113,300076,GQY视讯,7.08,13.63,113,15.31,11.83,26,29.2,7.93,32,22.07,安防设备,BK0735
114,967,盈峰环境,9.22,13.62,114,2.67,1.51,772,4.18,-1.8,1576,3.71,环保工程,BK0728
115,600367,红星发展,7.55,13.62,115,2.72,0.4,1075,1.34,-0.91,1203,0.4,化工行业,BK0538
116,923,河钢资源,25.32,13.6,116,9.99,2.9,479,24.42,0.41,690,28.46,有色金属,BK0478
117,300187,永清环保,7.27,13.56,117,2.97,9.98,43,8.51,-1.61,1497,2.54,环保工程,BK0728
118,300081,恒信东方,9.21,13.47,118,5.26,8.7,69,16.58,6.88,46,18.53,电子信息,BK0447
119,600057,厦门象屿,6.55,13.47,119,1.24,-1.37,1788,0.31,1.8,376,5.14,交运物流,BK0422
120,603659,璞泰来,101.38,13.39,120,2.32,-0.72,1523,1.27,-4.74,2956,-1.57,材料行业,BK0537
121,603613,国联股份,92.82,13.38,121,0.83,12.59,22,6.89,6.19,62,4.75,电子信息,BK0447
122,7,全新好,8.14,13.26,122,0.74,-7.52,3664,-14.23,-0.41,1001,-11.52,房地产,BK0451
123,2245,澳洋顺昌,10.01,13.17,123,10,-4.16,2813,-3.84,-1.64,1510,15.06,交运物流,BK0422
124,2821,凯莱英,263,13.1,124,3.13,5.99,159,9.92,-0.41,1002,2.43,医疗行业,BK0727
125,2192,*ST融捷,29.4,13.09,125,5,-4.11,2791,0.58,-2.4,1834,13.6,电子元件,BK0459
126,603105,芯能科技,9.38,13.09,126,1.08,2.42,564,2.74,-2.19,1756,0.43,输配电气,BK0457
127,2201,九鼎新材,14.24,13.09,127,1.79,-4.04,2770,-0.07,-5.35,3173,-2.86,玻璃陶瓷,BK0546
128,300357,我武生物,63.1,12.92,128,1.53,1.72,729,4.47,-0.13,919,3.78,医药制造,BK0465
129,688178,万德斯,38.1,12.87,129,0.11,3.69,360,1.65,2.13,332,-0.42,环保工程,BK0728
130,600559,老白干酒,19.47,12.84,130,10,-0.82,1568,1.41,-7.55,3758,-3.09,酿酒行业,BK0477
131,2452,长高集团,6.63,12.8,131,1.07,-0.63,1491,-1.92,-1.69,1529,0,输配电气,BK0457
132,300858,科拓生物,72.95,12.76,132,20,6.55,134,24.53,4.5,122,21.28,食品饮料,BK0438
133,200771,杭汽轮Ｂ,9.43,12.64,133,2.28,5.57,176,4.2,-0.32,980,4.08,机械行业,BK0545
134,2428,云南锗业,14.43,12.6,134,1.83,-2.29,2136,-0.07,-5.77,3324,-6.42,有色金属,BK0478
135,600436,片仔癀,229.85,12.59,135,2.56,5.42,187,7.84,1.01,531,4.64,医药制造,BK0465
136,603519,立霸股份,16,12.58,136,0.69,1.17,855,-9.6,5.82,70,1.52,材料行业,BK0537
137,603177,德创环保,8.69,12.58,137,1.16,7.53,98,2.6,0.65,610,-1.36,环保工程,BK0728
138,600098,广州发展,6.04,12.53,138,0.67,4.84,233,2.37,2.47,285,3.25,电力行业,BK0428
139,2838,道恩股份,24.28,12.51,139,3.81,1.89,685,6.49,-1.59,1490,-4.11,塑胶制品,BK0454
140,2160,常铝股份,4.13,12.46,140,1.72,-5.63,3285,-4.62,-3.33,2335,-5.49,有色金属,BK0478
141,2304,洋河股份,196.88,12.45,141,7.81,5.17,204,8.47,3.08,223,10.67,酿酒行业,BK0477
142,300056,中创环保,7.6,12.42,142,3.26,5.07,216,1.6,4.21,136,-2.31,环保工程,BK0728
143,2985,北摩高科,156.19,12.36,143,4.92,1.69,734,6.19,0.29,733,0.4,航天航空,BK0480
144,850,华茂股份,4.2,12.35,144,2.94,4.85,231,3.19,1.26,477,1.45,纺织服装,BK0436
145,2802,洪汇新材,28.5,12.33,145,2.3,8.72,68,4.55,6.74,51,4.7,化工行业,BK0538
146,600232,金鹰股份,6,12.32,146,3.27,3.7,357,3.99,-0.11,911,4.35,纺织服装,BK0436
147,2587,奥拓电子,6.09,12.21,147,3.22,6.17,152,10.93,4.27,133,10.73,电子元件,BK0459
148,300227,光韵达,12.14,12.2,148,6.12,3.25,420,10.06,1.88,365,17.75,电子元件,BK0459
149,3013,地铁设计,22.37,12.18,149,5.37,3,464,7.03,-0.09,903,5.47,工程建设,BK0425
150,603197,保隆科技,32.2,12.18,150,4.51,0.74,981,2.55,-3.16,2250,-3.59,汽车行业,BK0481
151,2868,绿康生化,13.96,12.18,151,0.58,0.44,1062,1.53,3.03,226,2.57,农药兽药,BK0730
152,858,五 粮 液,267.19,12.17,152,2.13,-0.73,1525,1.86,-5.15,3112,-0.48,酿酒行业,BK0477
153,300298,三诺生物,36.44,12.15,153,6.89,5.37,192,8.78,0.07,791,-1.43,医疗行业,BK0727
154,603656,泰禾智能,15.79,12.11,154,4.5,4.77,242,9.27,2.8,256,9.12,机械行业,BK0545
155,300724,捷佳伟创,121.5,11.98,155,7.64,2.27,602,12.78,1.22,485,14.94,专用设备,BK0910
156,423,东阿阿胶,44.28,11.97,156,0.96,4.71,245,5.86,-1.85,1608,1.05,医药制造,BK0465
157,2638,*ST勤上,1.66,11.95,157,5.06,3.82,340,9.21,2.43,294,9.93,文教休闲,BK0740
158,603299,苏盐井神,7.03,11.91,158,3.69,3.48,385,2.48,-0.3,970,8.15,化工行业,BK0538
159,300567,精测电子,50.91,11.89,159,2.6,4.78,238,7.68,-0.22,940,0.97,专用设备,BK0910
160,927,*ST夏利,4.35,11.82,160,1.64,6.98,118,4.32,-1.55,1473,0.69,汽车行业,BK0481
161,538,云南白药,101.15,11.8,161,2.63,2.62,531,4.98,-1.33,1377,3.37,医药制造,BK0465
162,600572,康恩贝,5.27,11.79,162,2.13,2.15,623,2.93,-1.35,1386,3.54,医药制造,BK0465
163,2346,柘中股份,11.07,11.78,163,2.5,0.64,1003,1.56,1.44,439,6.03,输配电气,BK0457
164,678,襄阳轴承,5.07,11.77,164,1,-3.12,2445,0.6,-7.93,3825,-7.82,汽车行业,BK0481
165,603439,贵州三力,26.65,11.76,165,9.99,11.22,32,37.37,8.29,29,32.26,医药制造,BK0465
166,2270,华明装备,5.94,11.75,166,1.89,2.19,614,2.41,-7.94,3830,-1.16,专用设备,BK0910
167,2960,青鸟消防,40.57,11.74,167,2.68,4.09,310,2.19,1.19,494,7.53,电子信息,BK0447
168,300124,汇川技术,85.47,11.7,168,5.47,4.03,314,9.86,1.86,370,6.49,仪器仪表,BK0458
169,600993,马应龙,21.39,11.7,169,2.94,1.25,839,4.39,-0.76,1148,4.09,医药制造,BK0465
170,300233,金城医药,23.65,11.69,170,4.14,5.13,213,10.31,2.08,339,5.44,医药制造,BK0465
171,603100,川仪股份,12.02,11.63,171,3.8,-7.38,3639,-12.9,-2.7,1989,-5.5,仪器仪表,BK0458
172,2282,博深股份,10.85,11.59,172,2.07,-3.19,2472,0.84,-4.76,2966,-2.86,机械行业,BK0545
173,600838,上海九百,7.56,11.59,173,0.8,-6.54,3495,-3.82,0.73,590,-1.95,商业百货,BK0482
174,300625,三雄极光,17.93,11.57,174,1.53,2.05,651,3.64,-2.83,2067,-0.88,电子元件,BK0459
175,2141,贤丰控股,2.79,11.54,175,1.09,-0.77,1551,-0.36,0.92,549,2.57,金属制品,BK0739
176,300600,国瑞科技,23.29,11.47,176,0.3,3.92,325,-1.56,4.82,103,1.57,船舶制造,BK0729
177,603416,信捷电气,86.79,11.34,177,2.6,-9.53,3894,0.68,-5.85,3364,-0.64,仪器仪表,BK0458
178,88,盐 田 港,6.85,11.31,178,1.33,-5.9,3349,-1.58,-3.85,2579,-3.93,港口水运,BK0450
179,300453,三鑫医疗,16.02,11.29,179,3.09,4.42,272,9.5,-1.9,1629,0.75,医疗行业,BK0727
180,688788,科思科技,240,11.29,180,5.45,-1.68,1909,7.37,-1.6,1496,14.29,电子信息,BK0447
181,2356,*ST赫美,1.24,11.25,181,1.64,2.5,553,0,-0.45,1021,8.77,商业百货,BK0482
182,600488,天药股份,5.14,11.2,182,1.18,-4.33,2862,-0.58,-2.21,1765,-0.58,医药制造,BK0465
183,603007,花王股份,6.75,11.2,183,3.69,3.35,407,2.43,1.59,416,2.74,园林工程,BK0726
184,2418,*ST康盛,1.95,11.17,184,3.72,1.28,827,5.98,-9.28,3994,0,金属制品,BK0739
185,603225,新凤鸣,12.33,11.16,185,0.33,1.37,806,-3.82,-4.02,2648,-5.88,化纤行业,BK0471
186,23,深天地Ａ,17.32,11.15,186,0,0.4,1078,1.41,-1.15,1298,-2.97,水泥建材,BK0424
187,300755,华致酒行,29.05,11.14,187,4.57,-1.57,1865,3.05,-5.47,3222,-0.75,酿酒行业,BK0477
188,2466,天齐锂业,27.21,11.09,188,7.13,-0.28,1378,4.77,1.41,444,16.88,化工行业,BK0538
189,600764,中国海防,34.5,11.09,189,6.12,-1.75,1937,5.6,-2.68,1975,2.83,安防设备,BK0735
190,200541,粤照明Ｂ,3.03,11.01,190,1.34,11.39,31,15.21,9.66,24,18.82,电子元件,BK0459
191,2203,海亮股份,8.51,10.95,191,1.79,1.51,773,2.04,1.35,457,2.41,有色金属,BK0478
192,603599,广信股份,22.36,10.92,192,1.36,-0.23,1353,-1.84,-7.75,3792,-11.69,农药兽药,BK0730
193,603002,宏昌电子,6.28,10.86,193,6.8,2.93,473,6.26,-3.84,2572,-4.12,化工行业,BK0538
194,600133,东湖高新,6.15,10.85,194,1.32,-0.71,1521,2.16,-0.67,1099,4.24,工程建设,BK0425
195,547,航天发展,22.1,10.8,195,2.98,5.54,178,5.64,4.18,139,4.49,航天航空,BK0480
196,600794,保税科技,3.41,10.79,196,0.29,2.55,542,1.79,-1.81,1587,0.59,交运物流,BK0422
197,2835,同为股份,14.47,10.78,197,1.19,0.39,1080,0.91,-7.26,3694,-7.42,电子信息,BK0447
198,601880,大连港,2.04,10.73,198,0,2.24,607,3.55,-2.81,2053,0,港口水运,BK0450
199,2949,华阳国际,22.6,10.72,199,4,2.93,476,4,0.59,623,-2.88,工程建设,BK0425
200,603755,日辰股份,70.83,10.66,200,10,4.17,296,17.23,-3.67,2503,7.16,食品饮料,BK0438
201,2494,华斯股份,4.58,10.65,201,0.88,1.04,894,3.15,-2.34,1812,2.69,纺织服装,BK0436
202,600521,华海药业,34.78,10.61,202,6,6.69,128,15.97,1.83,375,10.06,医药制造,BK0465
203,600071,凤凰光学,10.18,10.61,203,3.04,6.72,126,4.84,-1.1,1277,0.79,仪器仪表,BK0458
204,2017,东信和平,10.98,10.61,204,0.92,3.69,358,3.49,0.41,691,2.04,通讯行业,BK0448
205,603797,联泰环保,8.63,10.59,205,0.35,3.76,348,4.73,0.56,634,3.11,环保工程,BK0728
206,155,川能动力,6.46,10.58,206,2.05,-10.33,3967,-9.78,-4.72,2947,-10.77,电力行业,BK0428
207,600305,恒顺醋业,22.4,10.52,207,5.76,8.72,66,11.44,-1.49,1446,6.41,食品饮料,BK0438
208,963,华东医药,29.33,10.5,208,1.07,-1.61,1885,3.6,-7.91,3823,-4.93,医药制造,BK0465
209,600276,恒瑞医药,91.32,10.38,209,1.48,5.73,167,5.03,0.94,543,5.07,医药制造,BK0465
210,158,常山北明,7.49,10.38,210,0.81,11.05,35,8.55,4.75,106,4.32,综合行业,BK0539
211,655,金岭矿业,8.33,10.34,211,6.52,7.47,102,18.16,2.84,247,15.69,钢铁行业,BK0479
212,600647,同达创业,13.8,10.3,212,1.25,6.22,149,4.62,2.98,232,2.53,综合行业,BK0539
213,2138,顺络电子,27.19,10.23,213,2.6,1.18,852,3.94,0.8,573,5.31,电子元件,BK0459
214,603486,科沃斯,67.46,10.23,214,0.69,0.72,988,2.62,-2.2,1760,-7.13,家电行业,BK0456
215,601717,郑煤机,9.68,10.2,215,3.09,2.31,590,-2.71,-5.97,3400,-19.8,机械行业,BK0545
216,419,通程控股,5.14,10.19,216,3.21,-2.65,2263,5.11,0.04,804,5.98,商业百货,BK0482
217,2694,顾地科技,2.99,10.12,217,5.65,1.42,790,6.41,-2.89,2095,4.18,塑胶制品,BK0454
218,688023,安恒信息,248.24,10.11,218,-0.31,7.18,109,0.71,4.52,121,3.18,电子信息,BK0447
219,830,鲁西化工,13.25,10.1,219,7.99,1.88,689,6.08,1.63,406,6.68,化肥行业,BK0731
220,603351,威尔药业,24.35,10.08,220,2.27,1.6,749,3.27,-4.47,2849,-1.1,医药制造,BK0465
221,2730,电光科技,12.11,10.06,221,1.51,7.07,114,-0.08,5.95,66,-2.42,专用设备,BK0910
222,636,风华高科,36.3,10.05,222,3.07,5.38,191,9.63,2.36,300,8.68,电子元件,BK0459
223,2665,首航高科,2.5,10.04,223,-0.79,10.71,40,2.46,5.41,77,2.04,机械行业,BK0545
224,300369,绿盟科技,16.79,10.04,224,1.88,3.25,421,6.54,-0.53,1046,-2.21,软件服务,BK0737
225,688018,乐鑫科技,153.02,10.03,225,-1.35,0.36,1088,0.13,-2.82,2065,-6.8,电子元件,BK0459
226,639,西王食品,5.97,9.97,226,1.36,1.75,720,0.17,-3.29,2323,-6.72,食品饮料,BK0438
227,300610,晨化股份,18.41,9.96,227,0.77,2.63,527,3.95,-4.03,2658,-3.51,化工行业,BK0538
228,600506,香梨股份,10.29,9.95,228,1.38,3.23,427,5,1.1,511,3.83,农牧饲渔,BK0433
229,600429,三元股份,5.18,9.94,229,0.78,-2.49,2214,-0.38,-3.43,2394,-3,食品饮料,BK0438
230,516,国际医学,8.9,9.93,230,3.01,-4.88,3040,0.34,-1.07,1263,5.83,医疗行业,BK0727
231,2552,宝鼎科技,14.36,9.92,231,2.5,3.48,390,2.21,1.16,497,0.21,船舶制造,BK0729
232,886,海南高速,5.7,9.89,232,1.42,8.39,77,11.55,5.34,84,14.69,房地产,BK0451
233,2079,苏州固锝,11.55,9.86,233,4.15,0.53,1033,4.43,-1.2,1314,7.04,电子元件,BK0459
234,600603,广汇物流,5,9.86,234,-0.2,6.78,123,4.38,4.07,144,4.38,房地产,BK0451
235,2977,天箭科技,131.24,9.85,235,4.18,5.35,193,7,3.23,203,14.1,电子信息,BK0447
236,600419,天润乳业,14.93,9.84,236,2.61,2.11,633,2.75,-4.72,2949,2.12,食品饮料,BK0438
237,300347,泰格医药,130,9.8,237,6.04,5.69,171,14.14,0.11,782,10.17,医药制造,BK0465
238,601899,紫金矿业,9.13,9.76,238,3.05,-1.59,1877,2.01,-3.4,2379,1.67,贵金属,BK0732
239,600777,新潮能源,1.72,9.74,239,2.38,2.61,533,3.61,0.32,719,4.24,石油行业,BK0464
240,600795,国电电力,2.16,9.74,240,-0.92,19.84,8,0,16.13,9,1.41,电力行业,BK0428
241,600246,万通发展,7.92,9.73,241,2.33,2.86,488,13.79,-2.37,1822,8.49,房地产,BK0451
242,2770,ST科迪,2.01,9.7,242,1.52,2.58,539,-0.5,-5.44,3210,-2.43,食品饮料,BK0438
243,600555,*ST海创,1.74,9.69,243,1.75,4.96,225,4.19,-6.61,3569,1.75,旅游酒店,BK0485
244,600887,伊利股份,39.79,9.66,244,2.18,2.25,605,3.89,-2.87,2088,1.43,食品饮料,BK0438
245,603508,思维列控,29.06,9.66,245,0.9,2.76,500,5.25,1.98,352,4.49,电子信息,BK0447
246,836,富通鑫茂,3.15,9.62,246,0,2.62,529,1.61,-3.48,2418,0.64,通讯行业,BK0448
247,869,张  裕Ａ,38.8,9.62,247,4.55,2.23,610,6.56,-2.64,1957,-0.1,酿酒行业,BK0477
248,688169,石头科技,888,9.59,248,3.89,8.56,74,13.58,4.06,146,6.35,家电行业,BK0456
249,600300,维维股份,4.04,9.58,249,3.59,-1.52,1839,5.21,-9.84,4026,-5.61,食品饮料,BK0438
250,300449,汉邦高科,13.2,9.58,250,2.33,7.67,92,21.32,6.03,64,20.88,安防设备,BK0735
